"workerId","curId","subject"
"A2DNWDHMMBSHWT","304SM51WA4OHIVOLE8XM8FEVKOABS8",1
"A1ONCLDJ7826HF","30OG32W0SVVI9L80G3IQATAA0JANEX",2
"A3I37N7JFMAMEH","30ZX6P7VF9FUVF5Z8LVXFLK4UWG2J7",3
"A3EVIOTK5ZEROF","317HQ483I8CUPQAMCM8HV882R45IN8",4
"AWAW665TQQP2F","317HQ483I8CUPQAMCM8HV882SEGIN4",5
"A38DHLB88V8DL8","31EUONYN2WNHTHUYC87DPMY1QOHVOP",6
"A23S3TBFRILU5H","31EUONYN2WNHTHUYC87DPMY1QPSOVV",7
"A3TDA1NWHNQFE3","31IBVUNM9TJNN4H5D5ON2SPNYNQVF3",8
"A2196WCNDZULFS","31Q0U3WYDQZUMZM1O86M7C5QBV117H",9
"AF3ZX7P8W0536","31QTRG6Q2UXGIB14WJ7CLL7LIAFYPI",10
"A3AS1W844THMI3","31QTRG6Q2UXGIB14WJ7CLL7LICXYP4",11
"A28Y4XCZ355KV8","31T4R4OBOT0E92WZ45V6O8OHFULC7F",12
"A1O1968IS4QJ33","32SVAV9L3GT8F4YEIFWP5WMDAOR3AA",13
"A4W9APAHFWVLO","32ZKVD547G7DYE36OTWL076JS56B35",14
"A1AW5X4S642REM","33CKWXB73K4GBD7ZZSPD62ED89111K",15
"A2RWM6YBCOMWRQ","33F859I567XSSMA53ELN417TBC5HB3",16
"A1DZMZTXWOM9MR","33FBRBDW6PJI9G1IEANC28KCQDGC8P",17
"A3I55L67X0MWC4","33FBRBDW6PJI9G1IEANC28KCQEQC81",18
"A1NOVRVFRY9KM7","33IZTU6J82LOVYRMJ4P4XC5N3R9SX9",19
"A2A76DZHF7N9AB","33L7PJKHCHIZVX3T0WI2RIKGEYY8TK",20
"A1USN4KHILLJFN","33OOO72IVI5170T6H8Y7T4GZ4QOCT1",21
"A32V5D6RO4TYRL","33PPO7FECWZL3EJ9NSUEZ3W8EB4IDE",22
"A3KA08ZKNCAAXO","34MAJL3QP57TDFIX9EMYST0DIDP43S",23
"A28PMGVPFFY1KL","34S6N1K2ZW345VWHURAHI43YN6XLH8",24
"A1IS0218RVG60K","34V1S5K3GTLT74BR9BGNG4NDEW569W",25
"A2NXHJ905WLGAA","34YB12FSQZ8ABHJRAXTEXH6M89FMGD",26
"AOTCPS24JM5DQ","3570Y55XZQ3A5Y85T0HPRCTTHJSYGE",27
"ABAPBC3ZHN8B1","3570Y55XZQ3A5Y85T0HPRCTTHL5YGV",28
"A3DMLTJ0JIVFHF","358010RM5FD4NQ8QDZU98ZPU1JVXVM",29
"AGDJB8B8CDZ71","358010RM5FD4NQ8QDZU98ZPU2SMVXU",30
"A4HNS81WU3KY1","35BLDD71I7HTSL85EHIU5K55AU6ZVL",31
"A1XQW6ZWAMJ039","35USIKEBNS0EW6FLALZSY5IXIDJ6NB",32
"ABL81LYVZUKYE","369J354OFEU8MEYZNHMX8L90I906GN",33
"A1IUH9D7N69VS","36AHBNMV1SW7TEYERAGHLRQW4RDDYK",34
"A3QA0Y16Q4273V","374TNBHA8CF1IN2JWWM1LQXVN61YQ9",35
"A55T16DTWY2WC","378XPAWRUDXN57GX3I3C92O2T5IIAH",36
"A1F2WHEEM0QQ1B","38F71OA9GUG4XHNWZDNWFW6A7UFMFE",37
"A3AELT3Y5E6X7U","38SKSKU7R2H41Q7109S2IG4DM8YLI0",38
"A1213C467IFPOA","39GAF6DQWSKWXPNX6692DQLTXRN1VG",39
"AWPB724OHY99T","39GXDJN2OUYE8P7I5RIHS081BJE8V0",40
"A2VGEE0ZIZ8CBQ","39K0FND3AIZ91Q6OOX141VVJAFAAMZ",41
"A3SEPXOWWT41AF","39ZSFO5CA9G3FRE1R553L4FWDO5JUE",42
"A2AYD8G2NV0RNQ","3ATPCQ38J9U9V7V270PFVQIQIFMAY2",43
"A10U3R76C454PP","3B1NLC6UG0GGWKG42DL6EL0HDG8GPP",44
"A2UOSEPGNUITM8","3BV8HQ2ZZXL7CNLW1HUNCZYXKE06AO",45
"A18FPXIJYCTETD","3C2NJ6JBKB1QE5WKNJNP8S1L3JFN2W",46
"A9TGK24RHVMJ0","3C5W7UE9CGALX3EHZ7TIL36HB0NXMU",47
"A12XVSIL669PVI","3CP1TO84PULMOGQEJJR3EB1ZCWH25J",48
"A1N53V41FMCR7Q","3CP1TO84PULMOGQEJJR3EB1ZCXZ526",49
"A6WYBPPG8Y2Q4","3D4CH1LGEBDV4X0XLOP9SV028CZG93",50
"A3DNYS7B0V1FQF","3DBQWDE4Y7IID2F752PN6Z4XNSXN5M",51
"AR3EC8BYLLMC1","3DL65MZB8EZZIHB9RD9CUIGY1G8ECK",52
"AB48J3ZQSISB9","3DUZQ9U6SN8WR9MRJPOM9R82NDNSVM",53
"A77K8W55MJEKX","3DYGAII7PMS799AI59QI8Z4JJ5IPQY",54
"A1EYJNJFSRMDWW","3E13VNJ1NOFRBJ3X7ZAJY1VZPCJ1IL",55
"A2IE8K871N2FRB","3E7TUJ2EGD6SSDQ6JYO1MAX5VK6D9D",56
"A35NEIPY91AVI3","3EF8EXOTT2FN6UN3PHVJA2AZ2SW1JN",57
"A39C1BN9ZSQ0R2","3EQHHY4HQTCC3AYLIYCSGFV0MEPG5H",58
"ASZSPKARH2RXY","3FTYUGLFSV59RQOUG8BKAUS39PK5DD",59
"A3UN9YYKM944VX","3G0WWMR1UW476OY5PUDQ4AZOJOGQNY",60
"AXD4AU1WLVRA5","3G2UL9A02EYPTLNYUEI328W7J6H67K",61
"A1BFLMCFOAYEVI","3G2UL9A02EYPTLNYUEI328W7J9A67J",62
"A2KZXSEXPX37C","3GNA64GUZFO3GZSZLUH4ATZ2S3M5QT",63
"AZD4JLTBP1SXI","3GS6S824SRHCQLUR13CWWZHA7P6WNH",64
"A2E1GWCDFUAZA3","3H7XDTSHKDB6GTD5EZZ16F8D6EKWGB",65
"A3HFS6Q0TONAB9","3HUTX6F6VV78WQWWOYN2NH1QTQUO2G",66
"A1DJ3IDWF923Y7","3HUTX6F6VV78WQWWOYN2NH1QTRQ2OS",67
"ADAQIHMKC6NVC","3HYA4D452S3EQDJ3PV4C0NSC1RS2F1",68
"ARHBT4K14I7U","3I0BTBYZAY5DUUXKFYSM6K6DA4YY0A",69
"AKUH4RGL4TZPD","3I7DHKZYGOK6PA2Q7E6AYUVOL1GF5C",70
"A8TIL9U6YHG5","3IHR8NYAM8L0K4NK7CJ55W3EN9I4P5",71
"A2GENMR4OOK9B6","3II4UPYCOKRYKC7S00ZN85NU5JVQDV",72
"A2NNQMPWTRIEER","3II4UPYCOKRYKC7S00ZN85NU5OUQD4",73
"A2ONILC0LZKG6Y","3IOEN3P9S83BIZ8W5Y1U1Y5UGKH61N",74
"A19L8SNH73AX1Z","3IQ1VMJRYU4UU6NUZOXZW9PZAM1A9A",75
"A315IYELG8DZX","3ITXP059PX3N0EMX20A363X8SR9JSN",76
"A1T6TPNU64ZH9F","3IX2EGZR7C3BZZMKNBAYGTSC6QZRJI",77
"A2DWPP1KKAY0HG","3JBT3HLQF9MGN1B9S59VZSGNO8SZPR",78
"A7204W9E8IR1R","3JBT3HLQF9MGN1B9S59VZSGNOBHPZC",79
"A20FTMW1E6AR1T","3JNQLM5FT560Q5TZB67AV0XWYSIL23",80
"A32RHBK1BQB9N0","3K772S5NP9VQZPMPD5ND59DEE82HEL",81
"A36HFMF9Z4BGS8","3KJYX6QCMAV3S631WVF8HQHFRVLVJM",82
"A182N7RLXGSCZG","3KKG4CDWKJIFSH7DQNN8J63ZHW249T",83
"A20U3ON5XTYMVH","3KYQYYSHYWRVZ0UCLN7JJ0SUQHEDO9",84
"A2E3TO92MCQ9XU","3L0KT67Y8F0DV3HWO0B6GQCW5UMYSY",85
"ANBWJZYU2A68T","3L6L49WXW1HWRU51NXAR7QYXW9G45I",86
"A20EAB69CYLD6X","3LOZAJ85YEXVQZAOPPAY6USJ4L7X2J",87
"A3GBGW93SJLW6U","3M68NM076IRZB47D3SG97PN7KKER6B",88
"A248LF7KKHXZ14","3MTMREQS4W256202SZ7RATXA8GKWA6",89
"A351P2O6QGTCS","3MX2NQ3YCAENPWTB78CW41VVP5U5X9",90
"AXHCNDSMLW70L","3NAPMVF0ZXZ1BK4X7C60CVFV31J273",91
"A3FNC8ELMK8YJA","3NPFYT4IZDOL5TIVO4VN8YMKFFRXG4",92
"A24O2DYQRAJUXN","3NPI0JQDAPPK1P2AMDKDD4F63ABTP6",93
"A24W1M0GILRCJ3","3P529IW9KZ5KRZ5BZ1MHFJRL7RDFLX",94
"A31YAHLCTIQNFL","3PIWWX1FJKQU1B37F61PE26LW9UJJ7",95
"A20W9ZCV1YTGEM","3PJ71Z61R5MY0IAU3546L8WW6LP19T",96
"A1C3A6UO12AFH4","3PM8NZGV8Z0CIIC9R00Z2CQML5SQXQ",97
"A3VIQ9XPOYB8K6","3QHK8ZVMIN2UEITVUZ0LWT00ST4LB4",98
"A2M05KE7RBRI3G","3QJOXOW4XKBCR3N0423QXELAVWQMES",99
"A251VJ52J128F2","3QRYMNZ7FZ1KY4QX6Y7L9FAB3VPTNP",100
"A2GLSQQQE9UZA6","3R2PKQ87NXSO78PM0LTHITJ2NOTMIV",101
"AE63GABJL0FGJ","3R3YRB5GRGNSEYBXXZSQS5CDN1VUAT",102
"A2CB7WDJ9V6VVN","3R3YRB5GRGNSEYBXXZSQS5CDN24UA4",103
"A1WYZXOTTP17YO","3R6BYFZZP8WFRTM0DKP5QDM8EYZXF9",104
"A23RS20EXV5K3H","3RXCAC0YIS9VQSHNGWJVSZ5RO4Q8GB",105
"A26L7403RHRQP8","3SKEMFQBZ4P0SED66N4AQRXKVL78KE",106
"A3P7AXWF57BHNX","3SPJ033422NKW0Y6162SOPL99CTYJ4",107
"A2ZTHITL0340DC","3STRJBFXOXBJQY5U9LF5HNT791LKTE",108
"A3JGVZEXXELM3C","3T111IHZ5FAMTN9B1ZJLRZE9AJJR9F",109
"A3E3RCR51Z8EVP","3TDXMTX3CCEMI54UD5M0TXMGXMS6IF",110
"A4XR158GYZ3QW","3TVRFO09GLZ1RLWWZVS3LQRSBV5XL0",111
"A2TZAXWOB3JMNV","3TXD01ZLD51DC9VGOYIZF2QDVSU4UP",112
"A36Z98LFRR041Q","3U84XHCDIDXUY8PQULH7WU5SXFX4ZC",113
"A2COAUZ1TISD2Q","3U8YCDAGXQ04LS6YOOBSTY3BBUDQ0T",114
"A2LYV6W414CQII","3UJ1CZ6IZI9FTF7CDY695TE39FUS53",115
"A2AQ7WNHRED5TE","3UNH76FOCTPAX84R43FK4HDQD8VYMJ",116
"A1BNGJBEWJS8WE","3UXUOQ9OKFHQGNZ1KRZFIDYTFQBA7K",117
"A2LE1OBSVXKISE","3VE8AYVF8NHPCSLS5CDDAE5FNPQ8FC",118
"AS3GWXBJL6I2B","3VE8AYVF8NHPCSLS5CDDAE5FNQ4F8Z",119
"A2WTOTXURSH2LR","3VW6495TLKKARPT5N63VYC0XMJTYYV",120
"A1QL4VU9DO5DXG","3VZLGYJEYMULWAD0EWJCT52QQ3VZX1",121
"A7WJINDR01OCU","3W2LOLRXLCZ6AJS25WAAH8SPLR0KRZ",122
"A3SYY5R44RAATE","3WETL7AQWUSB9YMXNJ58XL6RIAN533",123
"A1V4BLIC5U5HPX","3WMINLGALCNWS4UXB87QYZQ7G3WCAD",124
"A2V7RTBYCIY1CC","3WOKGM4L72010GTI9BJO4T8BWUNO0D",125
"A1MRBBA2OLM223","3WT783CTPC11BEZPHM7MTAADYJGCB3",126
"A96CZ20YAZKZ8","3WYGZ5XF3XZIBYSFKLAF7IXL7GDKSR",127
"AKV1P0K20UNF0","3X3OR7WPZ0KBCKVORNGB5RAZKRV8LC",128
"A2AAFWAAS9C1QC","3X66WABAJX29PVBH4FOZ1IXG8IYG3R",129
"A217MHGDI5UYE1","3Y9N9SS8LZV6DB1Q2PNRVXUJV4L3DZ",130
"A2PH9PK984YRDE","3YDGXNSEO0EFECO3LVHUJA8OYZH48K",131
"A12N488WIO2Q8Y","3YHH42UU5CZTUVQLWJ3WCC4H1PIL0T",132
"A1C2T79XTDHE39","3YMU66OBIOSOJ3IGJ0D15CYQRP8GHU",133
"A3EF8GZ0SK81BS","3YT88D1N09IERH70U69EZAP9F0GK31",134
"APZSK81LXVOST","3YWRV122CTJEVAII018CWE6IXEI8US",135
"APQXZF7GKNTC","3Z9WI9EOZ08TLPEZ9RYG34QJY52HK9",136
"A1JK8TAQ1SG6JS","3ZAK8W07I5YWDLDF5XVX3Z00EF6U0P",137
"AK1Q45RF8A87Z","3ZV9H2YQQER5MH1HJKSHNLJ426O3WD",138
